id,first_name,last_name,full_name,demographics.id,demographics.gender,demographics.age,demographics.race,demographics.marital_status,demographics.education,demographics.household_income,email_performance.id,email_performance.products
f35b0feb-b8d1-45a5-95c5-b93417d5fa4c,Hamid,Chese,Hamid Chese,946d1087-05d4-4745-bba8-3434199cfa7b,Male,108,Uruguayan,Married,Doctoral degree,30000-39999,235dbabd-e79e-4d07-a0ec-f49732d52f0f,"[{""product_type"":""Electronics"",""total_send_rate"":258,""total_open_rate"":196},{""product_type"":""Toys"",""total_send_rate"":477,""total_open_rate"":49},{""product_type"":""Clothing"",""total_send_rate"":720,""total_open_rate"":654},{""product_type"":""Personal Care"",""total_send_rate"":721,""total_open_rate"":225},{""product_type"":""Home Furniture"",""total_send_rate"":580,""total_open_rate"":468}]"
7bcc7ca2-075b-403e-b9a8-d9386120044c,Felisha,Claricoats,Felisha Claricoats,12c4034e-e14c-40b0-bdfc-31627e836f3c,Female,91,Cree,Widowed,Bachelor degree,50000-59999,d89e24e0-f016-40d6-8695-7fc2c6f3fd21,[]
e141f379-c843-40fc-80ff-3e9deadd48ad,Reta,D'Oyly,Reta D'Oyly,f10bb209-be28-48ef-a5d0-19495d3d7bfc,Female,41,Pima,Married,Doctoral degree,20000-29999,7e012963-1a53-4e25-aa67-275dbb869741,"[{""product_type"":""Electronics"",""total_send_rate"":738,""total_open_rate"":308},{""product_type"":""Toys"",""total_send_rate"":916,""total_open_rate"":612},{""product_type"":""Clothing"",""total_send_rate"":30,""total_open_rate"":14},{""product_type"":""Personal Care"",""total_send_rate"":626,""total_open_rate"":455}]"
2bc4c586-d852-4f12-84c5-51427ebda61f,Bartholomeus,Wytchard,Bartholomeus Wytchard,8e6117e9-ba6a-46dc-a165-aa89543dd02a,Male,35,Creek,Separated,Doctoral degree,70000-79999,386fdacb-640e-4c19-8117-df91347289f4,"[{""product_type"":""Electronics"",""total_send_rate"":102,""total_open_rate"":47},{""product_type"":""Toys"",""total_send_rate"":633,""total_open_rate"":312}]"
df2c41ec-4377-483c-83f9-b42ccc72fffa,Innis,Eisikowitz,Innis Eisikowitz,c0d67149-384b-4d91-a1d7-585d24e75866,Male,39,Lumbee,Separated,Associate degree,20000-29999,78ca7061-7499-43f1-b528-e9701866daa9,"[{""product_type"":""Electronics"",""total_send_rate"":728,""total_open_rate"":20},{""product_type"":""Toys"",""total_send_rate"":774,""total_open_rate"":62},{""product_type"":""Clothing"",""total_send_rate"":855,""total_open_rate"":314},{""product_type"":""Personal Care"",""total_send_rate"":999,""total_open_rate"":627},{""product_type"":""Home Furniture"",""total_send_rate"":765,""total_open_rate"":182}]"
d76bb35f-97d0-4700-83f7-0921cdc9567f,Grady,Partkya,Grady Partkya,b55bc11b-1962-4030-abab-3be9a7bc0d45,Male,46,Delaware,Single,Some college but no degree,40000-49999,77624d7e-d2d1-4130-ac35-2e551b89f01f,"[{""product_type"":""Electronics"",""total_send_rate"":47,""total_open_rate"":5}]"
24279572-406a-4f7e-9e39-ddfd5b8dfcf8,Hilary,Whitesel,Hilary Whitesel,8dee2dbe-d05e-4a8b-87b0-23cf7a776271,Male,107,Eskimo,Widowed,Some college but no degree,50000-59999,a4e2df0e-e8ff-45bd-be62-a6dfdb4c4308,"[{""product_type"":""Electronics"",""total_send_rate"":458,""total_open_rate"":241},{""product_type"":""Toys"",""total_send_rate"":206,""total_open_rate"":53},{""product_type"":""Clothing"",""total_send_rate"":445,""total_open_rate"":281}]"
87f8590c-1a11-44c9-a4a8-747d99f5268e,Abby,Eckh,Abby Eckh,56c2cdad-a9cf-479e-b67b-2a1d0c69b95d,Polygender,50,Choctaw,Married,Bachelor degree,30000-39999,df6189a3-22fc-49a2-be9a-314fd923325a,"[{""product_type"":""Electronics"",""total_send_rate"":692,""total_open_rate"":646},{""product_type"":""Toys"",""total_send_rate"":503,""total_open_rate"":483},{""product_type"":""Clothing"",""total_send_rate"":674,""total_open_rate"":154},{""product_type"":""Personal Care"",""total_send_rate"":295,""total_open_rate"":108}]"
c8051251-e87e-4201-8ffd-db2282847a76,Tuckie,Borlease,Tuckie Borlease,fa710bf9-1952-44d8-9479-8fbce97acfef,Male,60,Apache,Separated,Less than high school degree,60000-69999,4b9e9e5e-0141-4360-957b-45a4a4855719,[]
30209819-31d6-41e9-a54b-7dfe46e011c3,Lavena,Hinkensen,Lavena Hinkensen,83b9037d-8792-4fa0-9af3-a919deee03ac,Female,119,Delaware,Separated,Some college but no degree,70000-79999,4a6d59dc-2c67-4665-b4bc-e70f7f6f67ac,"[{""product_type"":""Electronics"",""total_send_rate"":318,""total_open_rate"":12}]"
18c4131f-5a1c-497f-918f-8496ef80793d,Arlan,Halsworth,Arlan Halsworth,151cb457-ca68-44ee-a012-353f13a1eb79,Male,43,Choctaw,Separated,Some college but no degree,20000-29999,731cf713-0458-4789-b67e-1fa1ce86d67f,"[{""product_type"":""Electronics"",""total_send_rate"":489,""total_open_rate"":478},{""product_type"":""Toys"",""total_send_rate"":744,""total_open_rate"":193},{""product_type"":""Clothing"",""total_send_rate"":878,""total_open_rate"":773},{""product_type"":""Personal Care"",""total_send_rate"":31,""total_open_rate"":6},{""product_type"":""Home Furniture"",""total_send_rate"":984,""total_open_rate"":936}]"
481b8ac9-a06a-41cf-a653-ca1994d0aaaf,Devora,Troke,Devora Troke,6b10d1a9-6668-47ec-9f5c-bd03d2af6daa,Female,111,Japanese,Divorced,Associate degree,30000-39999,5193b5e0-ed27-4947-b944-3c1461bdd1ca,"[{""product_type"":""Electronics"",""total_send_rate"":802,""total_open_rate"":2},{""product_type"":""Toys"",""total_send_rate"":133,""total_open_rate"":127},{""product_type"":""Clothing"",""total_send_rate"":103,""total_open_rate"":100}]"
2a2497b2-72cc-4922-808d-68e011703de8,Evangelin,Gorries,Evangelin Gorries,2a25165c-5558-4c90-a0c5-2322bb5eea4d,Female,23,Chickasaw,Single,Less than high school degree,50000-59999,8d9afc64-5e42-4e49-b940-b15c3d984495,"[{""product_type"":""Electronics"",""total_send_rate"":85,""total_open_rate"":47},{""product_type"":""Toys"",""total_send_rate"":892,""total_open_rate"":251},{""product_type"":""Clothing"",""total_send_rate"":332,""total_open_rate"":313}]"
883fc05a-a786-4c7f-af0c-4b3361e22373,Jessie,Hoofe,Jessie Hoofe,d4c4ccf6-c21d-454a-a106-79bc77bd74e9,Female,60,Chinese,Separated,Bachelor degree,80000-89999,d5491cd6-9a4f-4dde-8c14-69a70ba01ccb,[]
85ec746f-cb56-40be-bfea-7b196aae7f2c,Ekaterina,Yurivtsev,Ekaterina Yurivtsev,a25cf445-d0c1-49ea-88e5-d0ccc16bd1e7,Female,31,Japanese,Divorced,Master degree,20000-29999,26e7fc93-9ac2-47ea-8042-3c248dbbdf60,"[{""product_type"":""Electronics"",""total_send_rate"":909,""total_open_rate"":408},{""product_type"":""Toys"",""total_send_rate"":85,""total_open_rate"":11},{""product_type"":""Clothing"",""total_send_rate"":786,""total_open_rate"":312}]"
adfeff8b-e260-4102-853e-bd138545d95c,Carlie,Matuszewski,Carlie Matuszewski,e90c9402-0500-463a-923c-5b77f68b8c02,Male,118,Chinese,Separated,Doctoral degree,10000-19999,de28f11c-bef9-4acb-b0b9-ed81dedf2977,[]
cb003644-261b-43b9-abbb-687ac96e68e3,Port,Stranaghan,Port Stranaghan,5a008d79-3ea8-4825-9dcd-888b968bd9bd,Male,46,Micronesian,Married,Associate degree,30000-39999,00c2ef16-4300-4a11-aa3b-55c6703fd82a,"[{""product_type"":""Electronics"",""total_send_rate"":219,""total_open_rate"":182},{""product_type"":""Toys"",""total_send_rate"":337,""total_open_rate"":166},{""product_type"":""Clothing"",""total_send_rate"":896,""total_open_rate"":466},{""product_type"":""Personal Care"",""total_send_rate"":249,""total_open_rate"":72}]"
698017a2-f2ee-48e9-a903-9ab6deba2118,Melinda,Ashmole,Melinda Ashmole,6bc1f45b-4af5-4d19-830b-8de1d0838e57,Female,117,White,Married,Doctoral degree,70000-79999,2408ee4f-5512-49b6-9963-ce6cd48d4016,"[{""product_type"":""Electronics"",""total_send_rate"":295,""total_open_rate"":96},{""product_type"":""Toys"",""total_send_rate"":717,""total_open_rate"":535},{""product_type"":""Clothing"",""total_send_rate"":528,""total_open_rate"":372},{""product_type"":""Personal Care"",""total_send_rate"":144,""total_open_rate"":36}]"
b6bf1054-bb94-4d0e-b94a-d467dcd0123d,Chrysler,Billington,Chrysler Billington,0166cd0f-a2cf-4ded-9995-9920823a858a,Female,29,Shoshone,Single,Some college but no degree,10000-19999,6495c9df-407b-4fdb-be76-430c640f6e25,"[{""product_type"":""Electronics"",""total_send_rate"":275,""total_open_rate"":33},{""product_type"":""Toys"",""total_send_rate"":958,""total_open_rate"":231},{""product_type"":""Clothing"",""total_send_rate"":236,""total_open_rate"":57},{""product_type"":""Personal Care"",""total_send_rate"":130,""total_open_rate"":45},{""product_type"":""Home Furniture"",""total_send_rate"":64,""total_open_rate"":46}]"
c637097b-44f6-495b-8e0b-fcdf6c677191,Bernardine,Spandley,Bernardine Spandley,b54f2c16-1693-4870-b9e1-dd04b91a5da5,Female,25,Asian,Married,Some college but no degree,80000-89999,cb608cae-b0aa-404e-bf71-9732131667e2,"[{""product_type"":""Electronics"",""total_send_rate"":350,""total_open_rate"":118},{""product_type"":""Toys"",""total_send_rate"":506,""total_open_rate"":269},{""product_type"":""Clothing"",""total_send_rate"":808,""total_open_rate"":542}]"
b974d0c0-2b9e-46ec-97b1-26dbf4ec9dc5,Griffith,McDuff,Griffith McDuff,ba928ca6-d406-4069-9499-d197b940181e,Male,104,Asian Indian,Widowed,Bachelor degree,20000-29999,07346526-62ce-46db-9362-fea0e71af8b4,"[{""product_type"":""Electronics"",""total_send_rate"":783,""total_open_rate"":560},{""product_type"":""Toys"",""total_send_rate"":543,""total_open_rate"":83},{""product_type"":""Clothing"",""total_send_rate"":753,""total_open_rate"":291},{""product_type"":""Personal Care"",""total_send_rate"":841,""total_open_rate"":623}]"
49225f19-e037-4603-a5a6-e5283e250166,Darrick,Cheverell,Darrick Cheverell,394a50e5-01b2-4e8f-80eb-c6d40b694022,Male,113,Malaysian,Divorced,High school degree or equivalent,50000-59999,74044a72-c359-439c-b8e0-c45c02edaec9,"[{""product_type"":""Electronics"",""total_send_rate"":955,""total_open_rate"":303},{""product_type"":""Toys"",""total_send_rate"":158,""total_open_rate"":122},{""product_type"":""Clothing"",""total_send_rate"":342,""total_open_rate"":273},{""product_type"":""Personal Care"",""total_send_rate"":680,""total_open_rate"":224},{""product_type"":""Home Furniture"",""total_send_rate"":325,""total_open_rate"":49}]"
583d64bf-8522-41e0-a43d-f1f7242e5415,Nick,Petrillo,Nick Petrillo,88c5ff39-6e35-4abf-a20c-96ec2c7280a8,Male,31,Paiute,Married,Associate degree,70000-79999,fb0b8bcd-dfe8-483d-b741-6016422c87fe,"[{""product_type"":""Electronics"",""total_send_rate"":364,""total_open_rate"":45},{""product_type"":""Toys"",""total_send_rate"":686,""total_open_rate"":618},{""product_type"":""Clothing"",""total_send_rate"":192,""total_open_rate"":130}]"
b1effa95-ac75-449c-8a85-f1934a7e566d,Eda,Montilla,Eda Montilla,82334054-ba0a-4d6f-bb45-40946064e058,Female,104,Korean,Single,High school degree or equivalent,70000-79999,b66083e4-bb38-41ec-8246-48838f974eda,"[{""product_type"":""Electronics"",""total_send_rate"":52,""total_open_rate"":45},{""product_type"":""Toys"",""total_send_rate"":773,""total_open_rate"":200},{""product_type"":""Clothing"",""total_send_rate"":723,""total_open_rate"":383}]"
c9e8c0ab-9520-4dd5-ad93-5d50e5d6572f,Jessie,Feldberger,Jessie Feldberger,632425a1-6054-4ae7-a85b-6055d95849cf,Bigender,80,Choctaw,Divorced,High school degree or equivalent,50000-59999,d1abd935-f57c-4f8e-b093-1306b80664ea,"[{""product_type"":""Electronics"",""total_send_rate"":493,""total_open_rate"":277}]"
da96c6df-364c-4081-bff2-921e1b21d726,Yoshi,Chaldecott,Yoshi Chaldecott,4c1b9c21-3dd9-46c8-b9af-773342e89ef4,Female,92,Comanche,Widowed,Master degree,30000-39999,5a0ead8f-d42d-40e9-b20e-89a94ced394e,"[{""product_type"":""Electronics"",""total_send_rate"":462,""total_open_rate"":42}]"
484d7f87-9374-4c7a-9e3b-fbd6de014f2c,Roddy,Grinval,Roddy Grinval,d5088534-c41b-49a1-a844-06cdc56dfc7b,Male,77,Costa Rican,Married,Some college but no degree,80000-89999,b1ccb276-3205-43b1-9dcb-c1a07e9adb23,"[{""product_type"":""Electronics"",""total_send_rate"":530,""total_open_rate"":265},{""product_type"":""Toys"",""total_send_rate"":590,""total_open_rate"":217},{""product_type"":""Clothing"",""total_send_rate"":65,""total_open_rate"":56},{""product_type"":""Personal Care"",""total_send_rate"":98,""total_open_rate"":59}]"
e5125f5e-52e0-46da-b9af-f609d82dc10d,Carce,Jorg,Carce Jorg,597a2d8a-9c4f-4ce1-8ef4-0d0f68853ffd,Agender,18,Guatemalan,Separated,High school degree or equivalent,70000-79999,f497337b-0b7e-4ca8-8310-edb2574b6e03,"[{""product_type"":""Electronics"",""total_send_rate"":616,""total_open_rate"":476}]"
d36a10be-a8fd-42dd-bea8-c5ac95175348,Analiese,Jamrowicz,Analiese Jamrowicz,0ea8122b-f7b4-4d8b-9b2c-b27ce3703d98,Female,98,Argentinian,Divorced,Master degree,80000-89999,afdfaa9e-9402-42f0-9675-121477dbdc4f,"[{""product_type"":""Electronics"",""total_send_rate"":272,""total_open_rate"":190},{""product_type"":""Toys"",""total_send_rate"":255,""total_open_rate"":182},{""product_type"":""Clothing"",""total_send_rate"":688,""total_open_rate"":178},{""product_type"":""Personal Care"",""total_send_rate"":677,""total_open_rate"":365},{""product_type"":""Home Furniture"",""total_send_rate"":493,""total_open_rate"":416}]"
3418206f-1e4c-45a1-88bf-031a1ba13f41,Irving,Filer,Irving Filer,8105e075-e12f-4926-9dc3-31c3b7652e3a,Male,101,Chinese,Divorced,Bachelor degree,10000-19999,7ec14770-e185-40e5-a986-8957a754a329,[]
90382e09-5bf4-4cd3-8508-781665ce7b08,Ephrem,Carslake,Ephrem Carslake,70c42a03-9b5d-4465-b236-2aa805b05d40,Male,32,Choctaw,Widowed,High school degree or equivalent,70000-79999,8d2130cc-721e-48d0-897c-f840face8149,"[{""product_type"":""Electronics"",""total_send_rate"":696,""total_open_rate"":434},{""product_type"":""Toys"",""total_send_rate"":603,""total_open_rate"":479}]"
bf4c1856-e33e-4199-9c2c-83da9d18e0be,Danie,Noblett,Danie Noblett,72abba90-cdbb-4d54-b148-a132de30fbd5,Male,48,Navajo,Divorced,Associate degree,50000-59999,a0724b01-56e1-408d-9a3d-89fd81d3159e,"[{""product_type"":""Electronics"",""total_send_rate"":507,""total_open_rate"":310},{""product_type"":""Toys"",""total_send_rate"":665,""total_open_rate"":394},{""product_type"":""Clothing"",""total_send_rate"":373,""total_open_rate"":96}]"
e78bce4e-21d4-417f-914b-62ec2274b4c3,Mercedes,Sutlieff,Mercedes Sutlieff,4835ca00-d8a1-44da-b4fc-3c5a84785239,Female,53,Choctaw,Divorced,Bachelor degree,60000-69999,4a2d7ac0-d92c-4c7b-ad1a-cf3e39cd85f0,"[{""product_type"":""Electronics"",""total_send_rate"":87,""total_open_rate"":12},{""product_type"":""Toys"",""total_send_rate"":363,""total_open_rate"":229},{""product_type"":""Clothing"",""total_send_rate"":647,""total_open_rate"":115},{""product_type"":""Personal Care"",""total_send_rate"":800,""total_open_rate"":777}]"
2ab9d0c4-69b2-4a5c-be5c-5db23880d0a4,Ruttger,Pisculli,Ruttger Pisculli,d2049506-4a60-469a-ac78-77655448458d,Male,40,Yaqui,Married,High school degree or equivalent,70000-79999,0a6dc8b9-80dc-4c66-bc75-d8b2faa48af3,"[{""product_type"":""Electronics"",""total_send_rate"":508,""total_open_rate"":143}]"
ac24cfca-5365-44bc-9186-7b667c291ef5,Kenneth,Dyter,Kenneth Dyter,6616a028-187e-41d5-a2e2-6445a80e14bb,Male,26,Paraguayan,Divorced,Some college but no degree,30000-39999,c14af936-35fb-4756-8c2e-699f86968d15,"[{""product_type"":""Electronics"",""total_send_rate"":11,""total_open_rate"":7},{""product_type"":""Toys"",""total_send_rate"":554,""total_open_rate"":160}]"
ef7c6914-1154-46cc-8305-54a4dce5d843,Courtnay,Cullinan,Courtnay Cullinan,24f3d6bf-3738-45c9-9738-d4e7fb924dfa,Female,87,Choctaw,Separated,Doctoral degree,60000-69999,af96f05d-9510-469b-9799-e30aa8a89f1a,"[{""product_type"":""Electronics"",""total_send_rate"":705,""total_open_rate"":121},{""product_type"":""Toys"",""total_send_rate"":483,""total_open_rate"":378},{""product_type"":""Clothing"",""total_send_rate"":495,""total_open_rate"":181}]"
d85eed68-f44b-469a-9da9-6ffef73baf71,Marcelline,Osgordby,Marcelline Osgordby,408462e0-0062-4361-9241-c2f2631e5794,,,,,,,fe4f1e1c-95aa-4a4b-a0a9-20c00c9d26d5,"[{""product_type"":""Electronics"",""total_send_rate"":532,""total_open_rate"":242},{""product_type"":""Toys"",""total_send_rate"":855,""total_open_rate"":230}]"
310bbd45-05b4-416d-8832-527c7254b177,Saloma,Tuley,Saloma Tuley,c51b429e-59ee-40e4-bd03-4941bc7eb912,Female,107,Panamanian,Single,Less than high school degree,50000-59999,aec2dfc2-6756-43b7-b464-834ea31ecb54,"[{""product_type"":""Electronics"",""total_send_rate"":533,""total_open_rate"":206}]"
b0e5a147-4d91-4df3-8687-7a7d71132292,Dyanne,Breyt,Dyanne Breyt,6a5c4ca8-dca1-4d56-9152-870cba206f95,Female,59,Yuman,Married,Some college but no degree,70000-79999,40b8c00f-d845-4c95-9dc7-f34aefc7bddb,[]
3b473aeb-4649-4b33-85d2-9b232df5faf3,Hastie,Clifton,Hastie Clifton,ad198a51-f4bb-4fa5-9319-e6d78fd03441,Male,37,Paraguayan,Married,Some college but no degree,50000-59999,caa0541f-39fe-47b0-b82e-eddb1d2f1af3,"[{""product_type"":""Electronics"",""total_send_rate"":996,""total_open_rate"":286},{""product_type"":""Toys"",""total_send_rate"":79,""total_open_rate"":49}]"
4939155e-6d71-4716-a5c8-588fa3ef59b8,Ofilia,Gilvear,Ofilia Gilvear,9fdd7161-cfe7-4f57-a0a4-924646853d24,Female,94,White,Separated,High school degree or equivalent,80000-89999,f7121768-a5c6-453f-ad4b-4302c0e17ba6,[]
34e02d91-da8c-4938-8164-abbff6d120a0,Bartlet,Ciraldo,Bartlet Ciraldo,cdad0281-9c47-4c6c-bbf7-38793c10023d,Male,36,Puerto Rican,Married,Master degree,20000-29999,b80417ac-4655-4d02-85cc-c0e4ec3040f7,[]
f3928c8e-7171-4d66-b3f2-a0fd05dc191b,Lilla,Sales,Lilla Sales,78b97457-50a9-4e1c-88b1-56ad14e5cf11,Female,90,Cuban,Married,Some college but no degree,50000-59999,15ea8c95-35c7-4098-be7c-4eca0a3bac7f,"[{""product_type"":""Electronics"",""total_send_rate"":813,""total_open_rate"":794},{""product_type"":""Toys"",""total_send_rate"":429,""total_open_rate"":111},{""product_type"":""Clothing"",""total_send_rate"":657,""total_open_rate"":561},{""product_type"":""Personal Care"",""total_send_rate"":553,""total_open_rate"":469}]"
40d795d0-efb3-4c97-b66d-9ec9e9ee59d3,Papageno,Brade,Papageno Brade,28140cc3-34e7-4ff3-bad2-8a88738f447a,Male,29,Chilean,Single,Associate degree,90000-99999,37c51e02-1f6c-4517-9475-725ddc9a6b3f,"[{""product_type"":""Electronics"",""total_send_rate"":980,""total_open_rate"":426},{""product_type"":""Toys"",""total_send_rate"":956,""total_open_rate"":697},{""product_type"":""Clothing"",""total_send_rate"":838,""total_open_rate"":658},{""product_type"":""Personal Care"",""total_send_rate"":572,""total_open_rate"":455},{""product_type"":""Home Furniture"",""total_send_rate"":27,""total_open_rate"":21}]"
621c5305-2626-48b0-a68b-c4f096a15c2f,Benni,Bennett,Benni Bennett,b20b7d86-ecea-41bf-b218-5f706336c6a0,Female,100,Samoan,Divorced,Some college but no degree,90000-99999,d5a51318-33ac-4ffe-a414-bb0739cd1fae,"[{""product_type"":""Electronics"",""total_send_rate"":989,""total_open_rate"":911},{""product_type"":""Toys"",""total_send_rate"":779,""total_open_rate"":413},{""product_type"":""Clothing"",""total_send_rate"":638,""total_open_rate"":624},{""product_type"":""Personal Care"",""total_send_rate"":334,""total_open_rate"":227},{""product_type"":""Home Furniture"",""total_send_rate"":66,""total_open_rate"":33}]"
05080c79-4e77-4717-8690-a8c9099fdd9f,Esteban,Muzzollo,Esteban Muzzollo,a7a3326b-563e-4032-a7ab-84f353b2ff74,Male,36,Colombian,Divorced,Less than high school degree,30000-39999,ade62513-8db5-4256-98b0-c44f56dadd9d,"[{""product_type"":""Electronics"",""total_send_rate"":676,""total_open_rate"":264}]"
a331d6ee-7fd8-4b6a-a047-54021748d3fc,Raquela,Heckle,Raquela Heckle,8a693aa9-51ef-4c36-8f91-d36e4e8050ef,Female,67,Paiute,Single,High school degree or equivalent,40000-49999,c7086bdd-5008-4e9e-9675-ca79d948a820,"[{""product_type"":""Electronics"",""total_send_rate"":635,""total_open_rate"":150},{""product_type"":""Toys"",""total_send_rate"":964,""total_open_rate"":236},{""product_type"":""Clothing"",""total_send_rate"":972,""total_open_rate"":467}]"
64590bd3-9c90-4980-a9b5-5f8c69309efe,Linnea,Compford,Linnea Compford,cc299328-91e8-4510-b55d-e802cb3ffefe,Female,27,Laotian,Single,Master degree,60000-69999,299e64fe-f764-4047-bd29-b3f74bbe9140,"[{""product_type"":""Electronics"",""total_send_rate"":928,""total_open_rate"":352},{""product_type"":""Toys"",""total_send_rate"":546,""total_open_rate"":58},{""product_type"":""Clothing"",""total_send_rate"":80,""total_open_rate"":62}]"
a7b604e1-f975-471b-bd23-51989ee7a3d9,Husain,Pfertner,Husain Pfertner,c1990659-e274-44f9-8f4f-d781fc5e4589,,,,,,,48336fb4-0aaa-4dc2-9dd6-79f4c683688d,"[{""product_type"":""Electronics"",""total_send_rate"":297,""total_open_rate"":165}]"
1808d4fd-0d73-49f6-a007-83d0104ee432,Wallis,Clampin,Wallis Clampin,f512d943-0285-4d62-97f6-02d16cd8894f,,,,,,,1ab318ff-f484-43ad-8d03-138f51f94096,"[{""product_type"":""Electronics"",""total_send_rate"":351,""total_open_rate"":39},{""product_type"":""Toys"",""total_send_rate"":371,""total_open_rate"":204},{""product_type"":""Clothing"",""total_send_rate"":427,""total_open_rate"":276}]"
e94462ff-ce41-4ee4-8d6a-b0539b2f61a1,Ezri,Kennford,Ezri Kennford,88f547d3-a1ce-4356-8746-ee65d40d1252,Male,91,Sri Lankan,Married,Less than high school degree,30000-39999,e5af7490-280c-4dfa-a580-259408d77e4d,[]
6fe00d7f-d741-4d3a-9174-e46e7c9857e5,Walt,Pressdee,Walt Pressdee,499ebfff-367c-49e6-a64f-5778e72e3e2f,Male,46,American Indian and Alaska Native (AIAN),Widowed,High school degree or equivalent,10000-19999,3e406cda-fc03-427a-a2b3-62d96205fde8,"[{""product_type"":""Electronics"",""total_send_rate"":461,""total_open_rate"":43},{""product_type"":""Toys"",""total_send_rate"":106,""total_open_rate"":96},{""product_type"":""Clothing"",""total_send_rate"":207,""total_open_rate"":99},{""product_type"":""Personal Care"",""total_send_rate"":978,""total_open_rate"":806},{""product_type"":""Home Furniture"",""total_send_rate"":379,""total_open_rate"":282}]"
c6a8cf23-c657-404a-8cd5-9efa5f46b44d,Cyril,Bernardt,Cyril Bernardt,7f013e02-6f45-4230-8caf-fab850b184fd,Male,64,Puerto Rican,Single,Associate degree,40000-49999,b44e634d-8c70-4445-9f83-469593de91f1,"[{""product_type"":""Electronics"",""total_send_rate"":421,""total_open_rate"":162},{""product_type"":""Toys"",""total_send_rate"":751,""total_open_rate"":344},{""product_type"":""Clothing"",""total_send_rate"":519,""total_open_rate"":171},{""product_type"":""Personal Care"",""total_send_rate"":481,""total_open_rate"":302},{""product_type"":""Home Furniture"",""total_send_rate"":261,""total_open_rate"":223}]"
06086f8b-80fb-4d77-bd72-030894a96518,Andrew,MacVicar,Andrew MacVicar,1e5de572-7f1b-4fd1-880b-a1134733a19d,Male,70,Nicaraguan,Divorced,Associate degree,30000-39999,1db61632-e483-4744-b5e3-88e192d1d788,"[{""product_type"":""Electronics"",""total_send_rate"":919,""total_open_rate"":305},{""product_type"":""Toys"",""total_send_rate"":279,""total_open_rate"":77},{""product_type"":""Clothing"",""total_send_rate"":506,""total_open_rate"":113},{""product_type"":""Personal Care"",""total_send_rate"":205,""total_open_rate"":189},{""product_type"":""Home Furniture"",""total_send_rate"":368,""total_open_rate"":185}]"
e3e38782-5dd7-402c-b7d2-e412ae5e5126,Ken,Egdal,Ken Egdal,a1f4786c-21f8-4229-857c-baad0907f745,Male,21,Nicaraguan,Divorced,Less than high school degree,60000-69999,075860f1-8196-4bd2-adc8-e29b697aadcf,"[{""product_type"":""Electronics"",""total_send_rate"":95,""total_open_rate"":52},{""product_type"":""Toys"",""total_send_rate"":248,""total_open_rate"":219},{""product_type"":""Clothing"",""total_send_rate"":296,""total_open_rate"":135},{""product_type"":""Personal Care"",""total_send_rate"":102,""total_open_rate"":63}]"
e73d3caa-b9e1-4c5a-b168-501e85da51fa,Heinrik,McMenamie,Heinrik McMenamie,15c01508-8efa-4ad6-9f72-0f3d93d9909c,Male,26,Houma,Separated,Bachelor degree,60000-69999,84e70b9f-7763-4b99-971c-b67c11a052f0,"[{""product_type"":""Electronics"",""total_send_rate"":720,""total_open_rate"":28},{""product_type"":""Toys"",""total_send_rate"":252,""total_open_rate"":48},{""product_type"":""Clothing"",""total_send_rate"":388,""total_open_rate"":37}]"
ba46bb5d-b190-469e-898e-dc2813642cef,Gilbert,Twinterman,Gilbert Twinterman,d31c9c11-e63e-474f-8ea6-028794e4b12b,Male,120,Sioux,Divorced,Master degree,10000-19999,14fb1cea-fe87-4d57-93ee-2606169bb12b,"[{""product_type"":""Electronics"",""total_send_rate"":472,""total_open_rate"":105},{""product_type"":""Toys"",""total_send_rate"":633,""total_open_rate"":361},{""product_type"":""Clothing"",""total_send_rate"":134,""total_open_rate"":97},{""product_type"":""Personal Care"",""total_send_rate"":311,""total_open_rate"":241}]"
41d9603d-46a9-4464-9a9f-0c054fabdc4c,Zoe,Benoix,Zoe Benoix,4df051e6-b1a6-45c8-b06c-7dfea85579c7,Female,66,Cuban,Single,Doctoral degree,70000-79999,e909ff04-8e3d-477f-8dd5-a178e70a3e71,"[{""product_type"":""Electronics"",""total_send_rate"":551,""total_open_rate"":59}]"
643cca89-9097-4294-884a-4ee4f5033e3a,Royce,Cattini,Royce Cattini,bc5025db-66d1-4799-b59f-fe21107c6c08,Male,75,Yakama,Divorced,Bachelor degree,70000-79999,898f8097-9bdf-4016-b169-27c526873856,"[{""product_type"":""Electronics"",""total_send_rate"":106,""total_open_rate"":12},{""product_type"":""Toys"",""total_send_rate"":397,""total_open_rate"":356},{""product_type"":""Clothing"",""total_send_rate"":353,""total_open_rate"":67}]"
dd7a31ea-d240-4968-b090-771f74bb06d6,Raphael,Goodayle,Raphael Goodayle,b2638394-0cda-417d-9c2d-be2492b0581e,Male,97,Indonesian,Single,High school degree or equivalent,70000-79999,0835d3ca-a46b-4e19-9d3b-86e2d46396e0,"[{""product_type"":""Electronics"",""total_send_rate"":448,""total_open_rate"":133},{""product_type"":""Toys"",""total_send_rate"":436,""total_open_rate"":377},{""product_type"":""Clothing"",""total_send_rate"":249,""total_open_rate"":167},{""product_type"":""Personal Care"",""total_send_rate"":163,""total_open_rate"":131},{""product_type"":""Home Furniture"",""total_send_rate"":720,""total_open_rate"":257}]"
df00a246-daca-4fb6-8760-f3d9b3a57180,Igor,Simak,Igor Simak,79d09960-21c8-436b-af7c-e6c2167e4b18,Male,52,Alaska Native,Widowed,Associate degree,50000-59999,9169d996-c25b-4098-9067-b14802b85052,"[{""product_type"":""Electronics"",""total_send_rate"":861,""total_open_rate"":143}]"
1c714594-cdb7-44ea-b842-9031c817caf4,Noemi,Barrar,Noemi Barrar,3a5409c9-eea1-40b0-ad63-d42f654be3e3,Female,20,Mexican,Divorced,Bachelor degree,70000-79999,ce403d99-ab0e-4988-95a8-328147a34223,[]
8c492381-246c-46c6-9878-42c43c459312,Angelique,Schinetti,Angelique Schinetti,fbdbd426-5edc-4732-afce-1c9902a21278,Female,31,Malaysian,Divorced,Some college but no degree,50000-59999,08bb8731-d592-471a-84b1-b7f0649fd0da,[]
0ce2724e-91d1-47ac-bb72-2211ea48613c,Steve,Camblin,Steve Camblin,dc684322-676e-4499-81cc-27f76cb8f19a,Male,50,Yaqui,Separated,High school degree or equivalent,20000-29999,3f4e3a3d-d109-4a9c-869f-aaec274e531f,"[{""product_type"":""Electronics"",""total_send_rate"":446,""total_open_rate"":297},{""product_type"":""Toys"",""total_send_rate"":668,""total_open_rate"":443},{""product_type"":""Clothing"",""total_send_rate"":407,""total_open_rate"":289},{""product_type"":""Personal Care"",""total_send_rate"":911,""total_open_rate"":460}]"
cde40113-c162-416b-a8da-d619cdfc7fc4,Nye,Rampley,Nye Rampley,19c180ad-3ab9-4efc-b322-0449a9852b14,Male,63,White,Married,Associate degree,40000-49999,efaf34ab-57df-470c-a5d3-092827b91702,"[{""product_type"":""Electronics"",""total_send_rate"":544,""total_open_rate"":374},{""product_type"":""Toys"",""total_send_rate"":287,""total_open_rate"":235},{""product_type"":""Clothing"",""total_send_rate"":680,""total_open_rate"":69},{""product_type"":""Personal Care"",""total_send_rate"":869,""total_open_rate"":139}]"
ffd83400-ea1c-43e2-8f43-93748d0ce798,Bill,Lezemore,Bill Lezemore,dd4c8366-2159-4524-92f3-fc29a9bf78da,Female,87,Blackfeet,Married,Some college but no degree,50000-59999,d493d45b-5359-4128-b17b-c8bb6529d0e7,"[{""product_type"":""Electronics"",""total_send_rate"":15,""total_open_rate"":7},{""product_type"":""Toys"",""total_send_rate"":484,""total_open_rate"":396},{""product_type"":""Clothing"",""total_send_rate"":239,""total_open_rate"":33},{""product_type"":""Personal Care"",""total_send_rate"":561,""total_open_rate"":24},{""product_type"":""Home Furniture"",""total_send_rate"":920,""total_open_rate"":222}]"
9e3e5ffe-5aa0-41d8-81b3-c06b6159f8f0,Anton,Sheepy,Anton Sheepy,57e9a9d7-4846-4f88-9b31-51fe478d12f3,Male,84,Honduran,Separated,Some college but no degree,30000-39999,ad90cf0d-a253-48dd-bb9d-cbf2b5997615,[]
e9079d3f-6767-4f1d-910c-6b128457ae50,Yasmeen,Buckoke,Yasmeen Buckoke,3d6b6c69-7fae-4ef7-bd36-a6d9e906154b,,,,,,,36fd25db-bc5e-4867-9d8f-eedce5ba717d,"[{""product_type"":""Electronics"",""total_send_rate"":873,""total_open_rate"":652},{""product_type"":""Toys"",""total_send_rate"":583,""total_open_rate"":273},{""product_type"":""Clothing"",""total_send_rate"":367,""total_open_rate"":151}]"
04576369-bc8d-4708-8b87-05fed61bef00,Gregorio,Flemming,Gregorio Flemming,67ea62e3-a6e6-4f20-aa68-cce4be820d96,Male,99,Costa Rican,Divorced,High school degree or equivalent,90000-99999,b9b68a00-bb4c-451c-b494-e85f5671cee1,"[{""product_type"":""Electronics"",""total_send_rate"":999,""total_open_rate"":125},{""product_type"":""Toys"",""total_send_rate"":307,""total_open_rate"":302},{""product_type"":""Clothing"",""total_send_rate"":666,""total_open_rate"":281},{""product_type"":""Personal Care"",""total_send_rate"":900,""total_open_rate"":540}]"
2d3df4b1-d537-41e5-bba9-d8cd6460eb94,Prisca,Bennis,Prisca Bennis,b0a319d2-9465-4086-9931-df5fcc54c788,Female,30,Houma,Single,Master degree,10000-19999,4f1ca58a-2753-4c9d-8c14-9d87cb9e5947,"[{""product_type"":""Electronics"",""total_send_rate"":536,""total_open_rate"":371}]"
f0b61e79-3df1-4dfc-924d-17df08a18db8,Guglielma,Boschmann,Guglielma Boschmann,cf0a9305-0ca6-4083-a59b-546c1fb1db6d,Female,66,Filipino,Separated,Master degree,50000-59999,bd5b5fa9-9c02-43d5-9ffa-8351fc6a825a,[]
a9cc56bd-793c-4345-88d9-2c4f9ded5493,Cissy,McLelland,Cissy McLelland,e78efb66-afa6-48b2-924f-8ce906e8b82e,Female,52,Filipino,Divorced,High school degree or equivalent,40000-49999,6d74606d-562d-4a3c-8eb1-8d291b411bc5,"[{""product_type"":""Electronics"",""total_send_rate"":100,""total_open_rate"":46},{""product_type"":""Toys"",""total_send_rate"":665,""total_open_rate"":340},{""product_type"":""Clothing"",""total_send_rate"":607,""total_open_rate"":258}]"
494a5d8e-490d-4bb8-add4-c1e5f2f424b6,Rivkah,Loynes,Rivkah Loynes,ca2f2e08-e6f1-4f16-9582-6a4515e0c9ac,Female,40,Cuban,Single,Some college but no degree,50000-59999,7a4d7d3c-ee37-4567-8109-f71e4849bf40,"[{""product_type"":""Electronics"",""total_send_rate"":494,""total_open_rate"":458}]"
28ddd25c-0453-4f93-8491-bf10b76b5e9a,Gunilla,Loughlan,Gunilla Loughlan,c8e937ab-a31a-477e-b0d5-e9d631ae6b50,Female,61,Polynesian,Divorced,Master degree,90000-99999,b9ff77c1-f70d-459e-bbe0-1f998799daaa,"[{""product_type"":""Electronics"",""total_send_rate"":402,""total_open_rate"":38},{""product_type"":""Toys"",""total_send_rate"":406,""total_open_rate"":187},{""product_type"":""Clothing"",""total_send_rate"":242,""total_open_rate"":60}]"
b6481717-eba2-41d8-a14b-14003053974c,Goober,McCoveney,Goober McCoveney,661b3c20-2c9a-4703-9e0b-8e03cf36e71b,Male,48,Honduran,Married,Doctoral degree,50000-59999,afa5d133-7e92-4cd7-9a8a-a84e9f50803d,"[{""product_type"":""Electronics"",""total_send_rate"":275,""total_open_rate"":120},{""product_type"":""Toys"",""total_send_rate"":177,""total_open_rate"":166},{""product_type"":""Clothing"",""total_send_rate"":554,""total_open_rate"":149}]"
da672ebc-ef06-4f53-9665-47c53f6ace24,Angela,Brimming,Angela Brimming,affd729c-8b6f-4fe8-bb17-6d2542b038cd,Female,102,Central American,Separated,Associate degree,50000-59999,a4204d3f-f711-431e-837d-98d843473987,"[{""product_type"":""Electronics"",""total_send_rate"":142,""total_open_rate"":137},{""product_type"":""Toys"",""total_send_rate"":166,""total_open_rate"":7},{""product_type"":""Clothing"",""total_send_rate"":881,""total_open_rate"":165}]"
7b3ab10a-6c26-454e-b9be-ee6ff958fb1d,Myrwyn,Hollingsbee,Myrwyn Hollingsbee,152c8edf-95f3-4df3-947f-ee5a4f1edf72,Male,23,White,Divorced,Less than high school degree,50000-59999,037f6270-91c7-46b1-a84e-a9e42fea3b5b,"[{""product_type"":""Electronics"",""total_send_rate"":281,""total_open_rate"":58},{""product_type"":""Toys"",""total_send_rate"":447,""total_open_rate"":286},{""product_type"":""Clothing"",""total_send_rate"":223,""total_open_rate"":195}]"
6e11ab4b-f95d-4721-a897-7d00aae6378f,Benji,Gowan,Benji Gowan,795a8718-cb35-41e5-826a-e84ded890a13,Male,58,Venezuelan,Single,Associate degree,80000-89999,0a692a9f-fc35-4155-abfa-65449fa32186,"[{""product_type"":""Electronics"",""total_send_rate"":306,""total_open_rate"":203},{""product_type"":""Toys"",""total_send_rate"":515,""total_open_rate"":183},{""product_type"":""Clothing"",""total_send_rate"":815,""total_open_rate"":529}]"
c3566588-3038-4e37-b38e-1a6e3d0503fc,Roxanna,Hamnet,Roxanna Hamnet,0c76169c-3105-4bf3-9d9f-4d98966af540,Agender,97,Osage,Single,Bachelor degree,40000-49999,56589e7c-5437-4e73-8a72-6b95bc2ada17,"[{""product_type"":""Electronics"",""total_send_rate"":451,""total_open_rate"":335},{""product_type"":""Toys"",""total_send_rate"":718,""total_open_rate"":21},{""product_type"":""Clothing"",""total_send_rate"":782,""total_open_rate"":558}]"
e5c7d8c6-be14-4922-b347-095247f4fb19,Bent,Daubeny,Bent Daubeny,640ae7cc-7920-41e8-84fa-67e9adb7b8f5,Male,18,Cherokee,Separated,Some college but no degree,40000-49999,c53b60c9-5991-489d-9bf2-3a4b450102ad,"[{""product_type"":""Electronics"",""total_send_rate"":728,""total_open_rate"":481},{""product_type"":""Toys"",""total_send_rate"":607,""total_open_rate"":287},{""product_type"":""Clothing"",""total_send_rate"":542,""total_open_rate"":316},{""product_type"":""Personal Care"",""total_send_rate"":865,""total_open_rate"":778}]"
af0ac5bc-f986-4084-9e16-3ca8600efadb,Ezequiel,Vallis,Ezequiel Vallis,d2b272ea-258f-444e-8b3d-f62b37648158,Male,108,Spaniard,Divorced,Less than high school degree,80000-89999,b29560a5-b9c9-4c45-aa4c-e639266bcfcd,"[{""product_type"":""Electronics"",""total_send_rate"":404,""total_open_rate"":40},{""product_type"":""Toys"",""total_send_rate"":12,""total_open_rate"":3},{""product_type"":""Clothing"",""total_send_rate"":942,""total_open_rate"":22},{""product_type"":""Personal Care"",""total_send_rate"":365,""total_open_rate"":346},{""product_type"":""Home Furniture"",""total_send_rate"":362,""total_open_rate"":49}]"
65652252-4810-4c48-a3da-614a7a48c81e,Mona,Copper,Mona Copper,e82dbc0f-d933-4235-9165-9c02d3d9a28e,Female,76,Puerto Rican,Separated,Less than high school degree,50000-59999,940ccf19-4fb1-4799-9b1c-9e47aa0aa51e,"[{""product_type"":""Electronics"",""total_send_rate"":563,""total_open_rate"":470},{""product_type"":""Toys"",""total_send_rate"":451,""total_open_rate"":257}]"
d9f3e487-b8f8-47cc-9e06-ddd2705239fa,Edna,Pettigree,Edna Pettigree,390a21fb-69b7-4857-9ef7-bf810372c51f,Female,74,Cambodian,Married,Master degree,30000-39999,256b0645-ce84-4aad-8b91-c88b1ffbab7f,[]
c988b918-92a2-493b-85db-c3e560cb72c5,Mackenzie,Spreckley,Mackenzie Spreckley,bdadb426-48bb-4b91-b5f6-4457a7be315e,,,,,,,29f6fd88-62e8-474f-a876-f1a3bf923e13,"[{""product_type"":""Electronics"",""total_send_rate"":535,""total_open_rate"":17},{""product_type"":""Toys"",""total_send_rate"":502,""total_open_rate"":484},{""product_type"":""Clothing"",""total_send_rate"":677,""total_open_rate"":242}]"
01b31b54-fec0-4391-bb04-b6252932907e,Parnell,Devonish,Parnell Devonish,ff58bf2f-9d8d-4e4e-a2cb-316a59675b62,Male,64,Puget Sound Salish,Divorced,High school degree or equivalent,80000-89999,01d01792-1306-4751-b5ae-2dc9b1be112b,"[{""product_type"":""Electronics"",""total_send_rate"":731,""total_open_rate"":193},{""product_type"":""Toys"",""total_send_rate"":271,""total_open_rate"":156},{""product_type"":""Clothing"",""total_send_rate"":577,""total_open_rate"":416},{""product_type"":""Personal Care"",""total_send_rate"":834,""total_open_rate"":37}]"
0a7bbb09-115c-493e-897b-4afb62494a9f,Maighdiln,Snelgrove,Maighdiln Snelgrove,cbb08824-b4b5-4b94-b7ac-235d02248755,Female,76,Paiute,Married,Less than high school degree,60000-69999,90996e69-4ed8-4210-a70f-d6ff0f3d1455,"[{""product_type"":""Electronics"",""total_send_rate"":483,""total_open_rate"":415},{""product_type"":""Toys"",""total_send_rate"":661,""total_open_rate"":543}]"
768421fa-9dc8-4f24-aac0-04563797b6b6,Katlin,Antonchik,Katlin Antonchik,e88513ae-8f5c-491c-a0f5-119c74671d9e,Female,102,Peruvian,Separated,High school degree or equivalent,30000-39999,c2a3993b-1d9a-437c-8350-6b40401850b6,[]
4d108f60-ad56-4770-86b6-e2bc7f8a6b1d,Chloris,Lismer,Chloris Lismer,aaa3c5eb-22d2-4e37-a34f-46a7bf691bf6,Female,49,Crow,Divorced,Associate degree,60000-69999,be53a1d9-f20d-4f0e-aa67-221fbdc781c2,"[{""product_type"":""Electronics"",""total_send_rate"":444,""total_open_rate"":66},{""product_type"":""Toys"",""total_send_rate"":791,""total_open_rate"":418},{""product_type"":""Clothing"",""total_send_rate"":861,""total_open_rate"":41},{""product_type"":""Personal Care"",""total_send_rate"":27,""total_open_rate"":1},{""product_type"":""Home Furniture"",""total_send_rate"":404,""total_open_rate"":372}]"
0dc6d6f1-d8cf-4973-b0ef-632e30a151e7,Pooh,Coenraets,Pooh Coenraets,032181b9-214a-4e80-81b3-4fe729acf66c,Female,110,Micronesian,Separated,Doctoral degree,60000-69999,1fe2aa24-9023-4245-a591-bd607bb39a82,"[{""product_type"":""Electronics"",""total_send_rate"":43,""total_open_rate"":0},{""product_type"":""Toys"",""total_send_rate"":776,""total_open_rate"":139},{""product_type"":""Clothing"",""total_send_rate"":153,""total_open_rate"":143},{""product_type"":""Personal Care"",""total_send_rate"":416,""total_open_rate"":120},{""product_type"":""Home Furniture"",""total_send_rate"":586,""total_open_rate"":535}]"
378488c3-09e0-4e48-b6c8-27639258fd6f,Adria,Shalloe,Adria Shalloe,1b6b979b-429b-4978-9645-a622e3a0f5ef,Female,119,American Indian and Alaska Native (AIAN),Married,High school degree or equivalent,90000-99999,3873ad21-8cb9-4ab7-9a43-2826751d31ca,"[{""product_type"":""Electronics"",""total_send_rate"":673,""total_open_rate"":475},{""product_type"":""Toys"",""total_send_rate"":409,""total_open_rate"":291}]"
c8a34846-8860-4cba-98b8-680bc076a482,Germayne,Ansty,Germayne Ansty,1be6e236-20cc-46cd-8383-7287587d8db8,Genderfluid,100,Delaware,Single,Bachelor degree,70000-79999,aa85060e-7249-41fe-9771-a2e490f4f92d,"[{""product_type"":""Electronics"",""total_send_rate"":278,""total_open_rate"":18},{""product_type"":""Toys"",""total_send_rate"":5,""total_open_rate"":2},{""product_type"":""Clothing"",""total_send_rate"":734,""total_open_rate"":688},{""product_type"":""Personal Care"",""total_send_rate"":344,""total_open_rate"":200}]"
ac86778f-2909-45bf-b9ec-84791871b254,Elsbeth,Wynn,Elsbeth Wynn,a7c9d293-b543-49db-a12d-564796c2c747,Female,60,Aleut,Divorced,Some college but no degree,40000-49999,7ab032e7-599e-48aa-87f4-c8e21a1c386f,"[{""product_type"":""Electronics"",""total_send_rate"":109,""total_open_rate"":99},{""product_type"":""Toys"",""total_send_rate"":641,""total_open_rate"":437},{""product_type"":""Clothing"",""total_send_rate"":272,""total_open_rate"":212},{""product_type"":""Personal Care"",""total_send_rate"":972,""total_open_rate"":412},{""product_type"":""Home Furniture"",""total_send_rate"":711,""total_open_rate"":445}]"
64a7f656-199c-442c-8bfa-a41c1f7c337b,Haskel,Syddall,Haskel Syddall,bfd5140d-0956-43ee-858e-68af557eeee1,Male,84,Indonesian,Widowed,Some college but no degree,60000-69999,4786842b-0ede-489c-b24b-5723ebd8ff8b,"[{""product_type"":""Electronics"",""total_send_rate"":208,""total_open_rate"":169},{""product_type"":""Toys"",""total_send_rate"":182,""total_open_rate"":5}]"
4d59111f-80a7-4e1a-8538-63ecc4863438,Gardie,Rabbe,Gardie Rabbe,96fc7953-7fe9-4861-b5c0-26aec83537a4,Male,118,Panamanian,Single,Bachelor degree,20000-29999,6e734bad-04c4-4e49-96f9-d50aab37cce1,"[{""product_type"":""Electronics"",""total_send_rate"":332,""total_open_rate"":4}]"
8b24c699-4572-4108-ae10-2b8f6841cbe4,Adrian,Raittie,Adrian Raittie,4280755a-b430-4e91-bfb4-9a176af2ce4e,Male,113,Aleut,Widowed,High school degree or equivalent,20000-29999,1554274c-29c7-4628-9cfa-773ff96f25a9,"[{""product_type"":""Electronics"",""total_send_rate"":80,""total_open_rate"":26},{""product_type"":""Toys"",""total_send_rate"":692,""total_open_rate"":458},{""product_type"":""Clothing"",""total_send_rate"":673,""total_open_rate"":213}]"
b5e0f894-d0cf-4f40-99de-e72cb2067d61,Florenza,Ogilvy,Florenza Ogilvy,b7d8fba6-f7a5-4330-a5b2-b84714cc94cf,Bigender,34,Native Hawaiian,Divorced,Less than high school degree,70000-79999,3855fc98-28ad-47c2-baa9-33fb411b1ebd,"[{""product_type"":""Electronics"",""total_send_rate"":881,""total_open_rate"":745},{""product_type"":""Toys"",""total_send_rate"":309,""total_open_rate"":216},{""product_type"":""Clothing"",""total_send_rate"":560,""total_open_rate"":189}]"
755f8c9a-f58a-437b-b7b9-51ad578d4824,Tallou,Rabbitt,Tallou Rabbitt,ddd1dbe7-ef47-456a-b41c-793746646e1d,Female,26,Tlingit-Haida,Divorced,Some college but no degree,50000-59999,37adb068-f82f-4cb8-bd5c-2335c995e40d,"[{""product_type"":""Electronics"",""total_send_rate"":510,""total_open_rate"":337},{""product_type"":""Toys"",""total_send_rate"":736,""total_open_rate"":573},{""product_type"":""Clothing"",""total_send_rate"":114,""total_open_rate"":102},{""product_type"":""Personal Care"",""total_send_rate"":817,""total_open_rate"":789}]"
a1476e0e-cfe5-47cd-8f87-039c6ae48f8f,Vergil,Claricoats,Vergil Claricoats,93d9e12f-b54c-4d05-a831-b6a7d132e86b,Male,47,Bangladeshi,Separated,Master degree,40000-49999,43dd0e39-9119-41ed-a915-7304920eb9a8,"[{""product_type"":""Electronics"",""total_send_rate"":98,""total_open_rate"":50},{""product_type"":""Toys"",""total_send_rate"":963,""total_open_rate"":94},{""product_type"":""Clothing"",""total_send_rate"":554,""total_open_rate"":526},{""product_type"":""Personal Care"",""total_send_rate"":684,""total_open_rate"":464}]"
031beb2b-95c4-42d5-b5e9-255bff6bef51,Maude,Relton,Maude Relton,e5207158-6ea7-4379-aac6-658fd8efd5a4,Female,32,Sioux,Widowed,Less than high school degree,30000-39999,2bcc66df-950c-4e88-9f55-50f182ed84a0,"[{""product_type"":""Electronics"",""total_send_rate"":628,""total_open_rate"":107}]"
8dde3639-2bd6-4ee6-a403-a10015a90a3d,Karlik,Burnhard,Karlik Burnhard,4c3a0bcb-832d-4eaa-83aa-d9ab5ea2d48d,Male,105,Yakama,Divorced,Some college but no degree,40000-49999,a268df69-0b43-4937-988b-6e3a01d75d84,"[{""product_type"":""Electronics"",""total_send_rate"":841,""total_open_rate"":244},{""product_type"":""Toys"",""total_send_rate"":406,""total_open_rate"":214}]"
